Kelime,Frekans
2025,448
resm,416
gazet,416
nisan,401
sayfa,400
32882,400
sayı,400
eğitim,252
sağlık,163
mill,119
yürütmek,116
ilişkin,103
ilgili,101
hizmetleri,88
hale,77
olarak,73
teklif,71
tarafından,67
madd,66
kapsamında,66
işlemleri,65
sayılı,62
özel,62
bir,58
ihal,55
uluslararası,49
yer,49
halind,44
sağlamak,43
aracı,43
tesisi,43
belgesi,43
görev,42
öğretim,41
genel,39
yapmak,39
başvuru,38
hizmet,38
mevzuat,38
görevleri,37
alan,37
tarihli,36
turizmi,36
yetki,35
000,34
hükümleri,33
şartnam,33
teknik,32
okul,32
yönetmelik,32
uygun,32
belirtilen,32
üzere,32
içind,31
göre,31
olan,30
olmak,29
verilen,29
yönelik,29
tüzel,29
bilgi,28
işlemlerini,28
sınav,27
ilç,27
etmek,27
diğer,25
teminat,24
tıbbi,24
şunlardır,24
kuruluş,23
ankara,23
şubesi,23
satış,23
müdürlüğünün,23
teslim,23
mesleki,23
mühendisliği,22
olması,22
bakanlıkça,22
kadar,22
edilen,22
hizmeti,21
alanına,21
çalışmalar,21
bede,21
yapılan,21
hastanesi,21
sağlığı,21
günü,21
kontrol,21
hakkında,20
bakanlığından,20
belirlenen,20
birim,20
bakanlığı,20
bağlı,20
geçici,19
konusu,19
müdürlüğü,19
birimi,19
yabancı,19
yönetmeliği,19
komisyonu,19
açık,19
fazla,19
olup,19
alımı,18
üzerinden,18
öğrencilerin,18
şubesinin,18
bakanlık,18
işlem,18
yurt,18
haley,18
zorunludur,18
son,18
müdürlüklerind,18
belgel,18
müdürü,18
gerekmektedir,17
tarihi,17
alınan,17
şube,17
hukuk,16
devlet,16
kamu,16
denetim,16
bulunan,16
dare,16
ait,16
ada,16
takvim,16
parsel,16
posta,16
imza,16
steklil,16
gösteren,16
gerçek,15
doğrudan,15
başkanlığı,15
bölge,15
rehberlik,15
adresi,15
karari,15
cihaz,15
hizmetlerin,15
kayıt,15
kanun,15
personel,15
belgeleri,14
satın,14
elektronik,14
kabul,14
312,14
değerlendirm,14
aynı,14
destek,14
yürütülmesini,14
fon,14
müdürlükleri,14
yapılacak,14
acil,14
edilecektir,14
türk,14
izlemek,14
sahip,14
internet,14
güvenliği,14
yasaklama,14
itibaren,14
dair,14
türkiy,14
haleler,14
müdürüne,14
karar,14
şekild,14
stanbul,13
hizmetlerinin,13
yerin,13
sivil,13
sosyal,13
hak,13
tespit,13
ilan,13
taşınmaz,13
kurumlarının,13
gerekli,13
tek,13
hizmetl,13
ihaley,13
nin,13
katilmaktan,13
sınava,13
kanunu,13
mal,13
nci,13
aşağıda,13
öğrenm,13
kurumları,13
birliği,12
güvenlik,12
fiyat,12
ticaret,12
tarihind,12
esa,12
ticari,12
süresi,12
hayat,12
kişi,12
boyu,12
birlikt,12
sorumlu,12
usul,12
yapılacaktır,12
müdürlüğünden,12
noter,12
trg,12
kurum,12
mektubu,12
rütmek,12
tarihinden,12
sunulan,12
yapı,12
hospitalist,12
idari,12
numaralı,12
faaliyet,12
almak,11
turizm,11
maddesi,11
ktisadi,11
doğrultusunda,11
sondaj,11
kapalı,11
mak,11
yayımlanan,11
mahal,11
usulü,11
takip,11
hiz,11
hükümlerin,11
inci,11
kişil,11
585,11
lgili,11
dışında,11
yüzölçümlü,11
geliştirm,11
yeri,11
saat,11
kpss,11
edilmesi,11
müdürünün,11
edilir,10
çalışmaları,10
faaliyetlerini,10
bakanlığa,10
yoluyla,10
bölüm,10
kapsamındaki,10
ushaş,10
adına,10
adaylar,10
kaydıyla,10
kültür,10
karotlu,10
tesi,10
ulus,10
sunulması,10
temel,10
öğretmen,10
devam,10
bedel,10
savunma,10
gün,10
aşağıdaki,10
incelem,10
iptal,10
hizmetlerini,10
bütünlüğü,10
şehir,10
belg,10
ortak,10
sicil,10
ortaöğretim,9
kişilerin,9
mali,9
lçe,9
etkin,9
kararı,9
zorundadır,9
elden,9
yılı,9
belirlenir,9
kurumların,9
puan,9
değerlendirmek,9
kuruluşlar,9
suretiyl,9
kadro,9
iad,9
benzeri,9
denklik,9
amacıyla,9
adresind,9
çankaya,9
birinci,9
onaylı,9
artırma,9
bilgisayar,9
üzerin,9
tarih,9
sorumludur,9
aslı,9
veri,9
hazin,8
şleri,8
hayvan,8
süre,8
adet,8
yıl,8
geliştirilmesi,8
beyannamesi,8
görevli,8
tedavi,8
içerisind,8
olduğu,8
vereceklerdir,8
düzenlenen,8
tasdikli,8
maddesinin,8
veren,8
forma,8
yedek,8
alt,8
yazılı,8
miktarı,8
verm,8
üniversitesi,8
birden,8
numarası,8
yetkili,8
sözleşm,8
cad,8
belediyemizc,8
dari,8
nun,8
cumhuriyeti,8
tarım,8
uygunluk,8
bedelinin,8
turistin,8
kurul,8
araştırma,8
yüksek,8
alanında,8
gelişim,8
mebbi,8
uygulanmasını,8
eden,8
öncesi,8
üncü,8
lan,8
500,8
müfettişleri,8
ibraz,8
biriml,8
istenilen,8
yürütür,8
oluşturulan,8
dışı,7
orman,7
kuruluşların,7
yeği,7
yönetmeliğin,7
yönetim,7
oluşur,7
olmamak,7
sonucunda,7
bütçe,7
kurulu,7
çalışan,7
koordin,7
212,7
tanıtım,7
üzerind,7
eder,7
taşınmazlar,7
sıra,7
faaliyetleri,7
görevler,7
belgelerin,7
şartnamed,7
şekli,7
teknolojileri,7
konularda,7
kişiliğin,7
nşaat,7
340,7
olduğunu,7
yönetmelikt,7
gösterir,7
sevk,7
kastamonu,7
standart,7
mahallesi,7
bulunduğu,7
yeni,7
memur,7
teklifl,7
türü,7
hazırlamak,7
şartları,7
sözlü,7
adayların,7
üt,7
uygulamak,7
ülkemizd,7
toplam,7
doğru,7
halkla,7
işe,7
basın,7
personelden,7
strateji,7
türlü,7
çalışma,7
oluşturulur,6
1800,6
yatırım,6
bölümü,6
taahhütlü,6
sonucu,6
yapar,6
bina,6
toplantı,6
edilmek,6
bankası,6
evraklarında,6
bilgileri,6
işıklar,6
pazarlık,6
politikalar,6
öğrenim,6
alınması,6
cerrahi,6
zarf,6
başarı,6
gereken,6
faaliyetlerin,6
dokümanının,6
sorumlulukları,6
esasları,6
arasında,6
bedelin,6
yapılacağı,6
öğrenciler,6
uygunsuzluk,6
eksiklik,6
lisan,6
gelen,6
yükseköğretim,6
geliştirmek,6
kurallar,6
yönetm,6
bilgilerin,6
zarfında,6
din,6
hizmetlerind,6
uygulama,6
programlarının,6
tekliflerin,6
hangi,6
asıl,6
kendi,6
performan,6
kanununun,6
disiplin,6
özelleştirm,6
merkezi,6
yürütülen,6
bilgil,6
2021,6
biriminin,6
dosyasında,6
verilecek,6
verilmesi,6
ürünlerin,6
esaslara,6
talep,6
tabi,6
ayrıntılı,6
bürolar,6
yapılması,6
gov,6
almış,6
nakil,6
danışmanlık,6
bütün,6
dışındaki,6
yürürlüğe,6
www,6
personelin,6
maddelerin,6
atama,6
uygulamaları,6
sunacaktır,6
karşı,6
öğrencisi,6
bilişim,6
ekind,5
işlemlerin,5
tarihten,5
askerlik,5
değişikliği,5
müdürlüğüne,5
doğrulama,5
katılma,5
şartnamesi,5
suretleri,5
yeterlik,5
ayrıca,5
yüklenici,5
durumu,5
adı,5
aşamasına,5
tasarruf,5
lirası,5
laboratuvar,5
olanların,5
vek,5
yürütme,5
temin,5
ettikleri,5
bildirilir,5
hizmetin,5
seyahat,5
belgeyi,5
darenin,5
metleri,5
vasıtasıyla,5
fak,5
fıkrasının,5
emlak,5
eğitimi,5
başkanlığından,5
cumhurbaşkanlığı,5
cihazlar,5
tasdik,5
çayyolu,5
üniversitel,5
kuruluşları,5
günüdür,5
ürün,5
askıya,5
türkçe,5
ihaled,5
hususlar,5
yetkilisi,5
oranında,5
edilebilir,5
idaresinden,5
aday,5
şeker,5
fabrikası,5
karşılığı,5
daresi,5
ülkemiz,5
görülmesi,5
143,5
servisl,5
adresin,5
taşınmazların,5
tarihin,5
niteliği,5
idarenin,5
fatura,5
der,5
yenilik,5
4475,5
134,5
ölçme,5
çin,5
çerçevesind,5
bakanlığın,5
öğretimi,5
şyeri,5
imzalı,5
öğrenci,5
ekonomik,5
aktif,5
yerli,5
ancak,5
verecek,5
birimind,5
iletişim,5
kanunun,5
vadey,5
saati,5
işleml,5
müdürleri,5
herhangi,5
vade,5
lind,5
alanlar,5
müdürünce,5
belediy,5
başvurusu,5
evrakları,5
2886,5
bilgilendirm,5
gereği,5
faaliyetlerinin,5
memurları,5
milletlerarası,5
görevlendirilir,5
kalem,5
yöneticisi,5
getirmek,5
kurumlarında,5
kriterler,5
edilecek,5
2023,5
diploma,5
turisti,5
belirten,5
telefon,5
görülebilir,5
işveren,5
edi,5
maddesind,5
maddesin,5
tam,5
5411,5
durumunda,5
adr,5
işık,5
araç,5
bunların,5
bilkent,5
0001,5
listesindeki,4
geçerlilik,4
belgenin,4
lerin,4
belediyemizin,4
yaptırmak,4
mevzuatı,4
kısımlar,4
afet,4
tari,4
beş,4
sayfasında,4
altı,4
teklifi,4
belirlenecek,4
lemleri,4
verileri,4
tarihleri,4
tutarda,4
uygulanması,4
portal,4
düzeyind,4
yeterlilik,4
yürürlükten,4
kdv,4
sağlar,4
karşılığında,4
sonunda,4
alınmış,4
cinsinden,4
hatip,4
yetkisi,4
alım,4
işleri,4
katılmak,4
rektörlüğünden,4
dolaylı,4
köyü,4
teşkilatı,4
kulu,4
yükümlüdür,4
kriterleri,4
medya,4
standardına,4
puanı,4
nelik,4
tesislerinin,4
sunmak,4
altyapı,4
sürücü,4
belediyesi,4
hesabına,4
sayısının,4
kler,4
listed,4
başvurular,4
alınır,4
isiklarbelediyesi,4
seçilecek,4
hariç,4
büro,4
öğretmenl,4
sayısı,4
ortaokul,4
bel,4
şartlari,4
kimlik,4
ilkokul,4
sözleşmenin,4
sistemi,4
hiçbir,4
bendind,4
ücretsiz,4
birer,4
kanununa,4
lişkil,4
hakkı,4
hükmünde,4
planlamak,4
kur,4
gerektiren,4
iki,4
uncu,4
kullanılan,4
tedbirl,4
tamamlanmış,4
ödeme,4
yerleştirilebilir,4
vücuda,4
müteakip,4
gecikmeksizin,4
dikkat,4
geçi,4
okulların,4
trafik,4
esentep,4
sonra,4
teşvik,4
büyükder,4
üyeleri,4
uygulamaya,4
kurumlarındaki,4
oda,4
ortamda,4
eği,4
banka,4
geç,4
stratejik,4
süreçlerini,4
başakşehir,4
çam,4
sakura,4
politika,4
mah,4
zarfla,4
katılmaya,4
hayvans,4
müdürlüğünce,4
kurumlarda,4
makin,4
toplum,4
belgesinin,4
satışı,4
barınma,4
belirleyecekleri,4
katalog,4
ünden,4
ayrı,4
halenin,4
yürütülür,4
öğr,4
personelinin,4
sürecin,4
eğitimin,4
akademisi,4
kriterl,4
üyesi,4
almaktadır,4
muhammen,4
sirküleri,4
incelenir,4
firma,4
katılabilmek,4
edilmiş,4
yazılım,4
tesisind,4
olur,4
karayolları,4
belirtilmiştir,4
kurulan,4
llerd,4
içeriği,4
doktora,4
duyurulur,4
çevr,4
makam,4
kapsar,4
yürütülecek,4
yedi,4
geliştirecek,4
esasına,4
yerind,4
sahibi,4
ikinci,4
neticesind,4
peşin,4
lecekti,4
başlamak,4
lişkin,4
fonu,4
sigorta,4
mevduatı,4
lani,4
demirbaş,4
komisyonunun,4
üyeliğin,4
yap,4
ihalenin,4
yükseltilm,4
değişiklik,4
sağ,4
istinaden,4
işlemin,4
ihtiyaç,4
dava,4
vermey,4
atanma,4
işlemlerinin,4
parçalar,4
belirtilerek,4
saglik,4
önce,4
geriy,4
yapılır,4
gerçekleştirilecektir,4
düzenlenir,4
sistemin,4
dokümanı,4
sunulur,4
fiyatlar,4
200,4
dokümanını,4
kayıtlı,4
657,4
kalit,4
kalemleri,4
belgesini,4
kalemi,4
şartlara,4
saatin,4
gönderilebilir,4
adres,4
birimin,4
iban,4
teminatın,4
sınıfı,4
uhdesindeki,4
programları,4
kurumu,4
verimli,4
vatandaşı,3
faaliyetl,3
alması,3
adedi,3
ilav,3
dilekçesi,3
yazışmaları,3
girer,3
günlük,3
bulundukları,3
sona,3
toplantılara,3
üye,3
yeterliğ,3
sonuçlandırmak,3
kurulunca,3
ömürlü,3
başvuruları,3
person,3
yayımı,3
istenen,3
mesai,3
konaklama,3
şartlarını,3
bizzat,3
ortaya,3
aracılık,3
derecesini,3
acentaları,3
boş,3
let,3
iptalin,3
tanı,3
farklı,3
list,3
cihazları,3
isteklil,3
görevlendirilen,3
etmesi,3
otomasyon,3
kişiler,3
vekili,3
bakanı,3
kararlar,3
hasta,3
edinm,3
taşımak,3
standartlarına,3
yaptırılması,3
komisyonların,3
347,3
asgari,3
hükümlerini,3
vücut,3
üyeler,3
hükümler,3
yeterli,3
benzer,3
sürede,3
balıkesir,3
isteklilerin,3
ulaşım,3
mahkemesi,3
tüska,3
cumhurbaşkani,3
ulaştırma,3
olsa,3
bildirilen,3
kataloglar,3
süreyl,3
gereğinc,3
firmanın,3
ikamet,3
çeşitli,3
bulunmak,3
olacak,3
amaçlı,3
üçüncü,3
güncel,3
uyarınca,3
bulunmamak,3
4459,3
geliştirmey,3
tespiti,3
kısmen,3
belgesin,3
itibari,3
uzmanı,3
mta,3
durumlar,3
ikili,3
koordinasyon,3
erkek,3
dışından,3
yapan,3
yabancılar,3
yönetmek,3
afyonkarahisar,3
mezun,3
elemanı,3
portala,3
işlemi,3
ürünler,3
gelişen,3
uzaktan,3
kişinin,3
eki,3
sayılır,3
sözleşmesi,3
içeren,3
ğerlendirmek,3
transfer,3
bulvarı,3
kütahya,3
davada,3
fiyatlandırma,3
380,3
yukarıda,3
onayı,3
akademik,3
nakilleri,3
alır,3
komisyonlar,3
olmayan,3
4458,3
noterli,3
sigortası,3
sinif,3
fotokopisi,3
münhal,3
adalet,3
sonrası,3
turistinin,3
şartnamey,3
healthtürkiy,3
müdür,3
sırada,3
encümen,3
sira,3
ortaklığı,3
istekliler,3
avantajlı,3
açıdan,3
yükleniciler,3
kısmı,3
bağlanan,3
tamamı,3
alma,3
milli,3
taşıma,3
uygulanacaktır,3
fırsat,3
göstermek,3
gazetesi,3
faaliyetler,3
yönetimindeki,3
izlem,3
şirketl,3
kültürel,3
dokümanları,3
kayyımlık,3
ilgisin,3
yayın,3
sırasında,3
katılamazlar,3
adli,3
242,3
tamamının,3
görevlileri,3
kısa,3
belirlenecektir,3
numarasına,3
devir,3
edilebileceği,3
girmey,3
sayfası,3
almaları,3
366,3
yapılmasına,3
adaylara,3
yolu,3
yaptırılmasına,3
kuruluşlarına,3
150,3
montaj,3
edilmez,3
haşlama,3
bakım,3
ihtiyacı,3
kule,3
aydın,3
bma,3
verilemez,3
konsorsiyum,3
imzalanacaktır,3
yapım,3
çarpımı,3
fiyatların,3
tahvilleri,3
istekliyl,3
halel,3
tekliflerini,3
yapılar,3
listesi,3
yapacak,3
şin,3
varlıklar,3
0007,3
başkanlığında,3
alimi,3
öğretmenlerin,3
bulunmayan,3
merkez,3
malzem,3
ihtiyaçlarını,3
duyulan,3
nezdindeki,3
şartnamesind,3
levent,3
yönergesi,3
üst,3
ziraat,3
400,3
haiz,3
yıllık,3
kefaletini,3
başkanlığının,3
bonoları,3
işletmeni,3
proje,3
çalışmalarını,3
mühendi,3
temi,3
nat,3
sağla,3
nakit,3
5397,3
bünyesind,3
salonu,3
8052,3
konferan,3
adresindeki,3
belediyenin,3
alınmayacaktır,3
verilecektir,3
uhdelerin,3
bakanliği,3
görülebileceği,3
açılan,3
2012,3
1604,3
bakan,3
edilenlerin,3
uyum,3
düzenlenmiş,3
isteyen,3
yapıp,3
yapmamakta,3
raporlamak,3
serbesttir,3
cari,3
kesin,3
merkezlerinin,3
ngilizc,3
mekatronik,3
açıklaması,3
7050,3
atamaları,3
kayyım,3
120,3
bireylerin,3
teşkilat,3
kapsam,3
fatih,3
eksiksiz,3
tahakkuk,3
çemberlitaş,3
birimlerl,3
ilişkil,3
peykhan,3
web,3
uygunluğunu,3
binbirdirek,3
yaygınlaştıracak,3
belirli,3
canlı,3
hizmetlerden,3
teyit,3
alet,3
vatandaşları,3
lamak,3
yapılmasını,3
geçmiş,3
dönem,3
ibaresi,3
adresinden,3
yapabileceklerdir,3
şeklind,3
örneği,3
yönetimin,3
ilk,3
oluşturulması,3
nternet,3
niteliğin,3
sahibin,3
sitesind,3
unvan,3
ogg,3
verilir,3
mebcb,3
katılacak,3
bakımından,3
mektupları,3
dış,3
yürütülebilir,3
dekontunun,3
hald,3
ürünün,3
malların,3
kazanan,3
başlama,3
getirilmesi,3
yardımcısı,3
ncı,3
projel,3
mezuniyet,3
plan,3
yerel,3
dijit,3
100,3
katılımcılar,3
eksiltm,3
seçm,3
değer,3
altmış,3
kargo,3
uygulanacak,3
tabloda,3
katılan,3
verilerin,3
ceza,3
mek,3
gerektiğind,3
alınacaktır,3
gelenl,2
akreditasyon,2
verilebilir,2
kişiyi,2
olmaları,2
zmet,2
haleyi,2
tanımlanan,2
bölümüne,2
bankalardan,2
kişilerd,2
meti,2
soylu,2
vkn,2
kişiliği,2
tckn,2
ihaleleri,2
ünvanı,2
olmayıp,2
bulunanlar,2
63590,2
smi,2
beyanda,2
süreli,2
ani,2
tarihini,2
yüzyirmi,2
yatırımcının,2
hisarcık,2
açıklama,2
4046,2
izni,2
ıslak,2
maliy,2
girişim,2
süresinc,2
kuru,2
güzelbahç,2
duyuru,2
tepe,2
belgelerl,2
ziyaretinden,2
koruma,2
vakıflar,2
mümkün,2
tahvil,2
kodlu,2
ödenecektir,2
kurtuluş,2
şartıyla,2
kapsamına,2
oib,2
avantajı,2
ziyareti,2
panosuna,2
caddesi,2
luşları,2
anonim,2
sadec,2
kahramander,2
gökalp,2
ziya,2
yazı,2
köi,2
kargir,2
katlı,2
başlıklı,2
yetkisinin,2
borçları,2
alınarak,2
salı,2
355,2
usulüyl,2
ödenebilecektir,2
663,2
getirilerek,2
hastalar,2
tapuda,2
ilanın,2
beraberindeki,2
nden,2
tercih,2
2011,2
tekli,2
bırakılan,2
ayda,2
tutanağı,2
ajansı,2
den,2
3359,2
şbirliği,2
güvenliğin,2
ödenmesinin,2
yüzde,2
devletin,2
bendin,2
alınabilir,2
ödenen,2
getirilen,2
taahhüt,2
ödenmesin,2
isteyenlerin,2
maden,2
dekontu,2
huzurunda,2
değerlendirmey,2
odasında,2
etmeleri,2
alındı,2
başkanlık,2
tr17,2
kopya,2
olmadığını,2
olduğuna,2
ülke,2
arsası,2
alabilir,2
olursa,2
olsun,2
salonunda,2
teli,2
yürürlükteki,2
ödenmiş,2
kazananların,2
kinci,2
durumlarda,2
tutarlar,2
şirketler,2
başvurmaları,2
durumda,2
simav,2
refakatçi,2
ülkelerden,2
sonuçlandırılacaktır,2
olacaktır,2
uygulanır,2
tutarı,2
sağlanamadığının,2
geçerli,2
eksik,2
dolayı,2
len,2
ğler,2
tebli,2
haberleşm,2
tutulur,2
değerlendirmesi,2
yeterliliğin,2
bendi,2
girmek,2
kalan,2
sahipleri,2
olmalıdır,2
fıkrasında,2
4734,2
4735,2
süresinin,2
kanunlara,2
ihaleyi,2
ermesinden,2
yol,2
veterin,2
ulaşmamasından,2
adresten,2
600,2
dahil,2
işaretlemenin,2
180,2
sayfada,2
maddelerinin,2
yüzelli,2
dosyası,2
392,2
376,2
füzörünün,2
sistemind,2
altına,2
kişisel,2
aldığı,2
teknesi,2
fabrikamız,2
katalogları,2
gövde,2
132,2
130,2
13703,2
işler,2
12426,2
yetmişbeş,2
eklenmiştir,2
üreticinin,2
kaydedilir,2
yaptırım,2
fiyatlarını,2
geçmeyecektir,2
tedarikçi,2
steklilerin,2
esnasında,2
teminata,2
yapmış,2
ilaç,2
teminatların,2
durdurulan,2
faaliyeti,2
yatırıldığını,2
kapsamı,2
makbuzlar,2
şartnamenin,2
vitro,2
steklinin,2
isteklinin,2
gerçekleştirilecek,2
tetkik,2
deneyimini,2
odası,2
piyasaya,2
malzemenin,2
cihazın,2
kayıtlarının,2
fişi,2
imzalanmasına,2
durumların,2
deki,2
alıma,2
barkod,2
kaydı,2
ürüne,2
çind,2
uyruklu,2
itibariyl,2
müdürlüğümüze,2
tahsil,2
var,2
373,2
hizmetinin,2
0212,2
518,2
işleminin,2
düzenlenmesi,2
maddenin,2
ist,2
satinalma,2
girdiği,2
depolarına,2
katalogda,2
satınalma,2
dir,2
305,2
kti,2
kasten,2
sertifikayı,2
komplikasyon,2
6428,2
vasıtası,2
başvuran,2
müşavir,2
üretici,2
bakanlığınca,2
mode,2
yenilenmesi,2
yerleri,2
kullanım,2
parçaların,2
kararnamelerd,2
300,2
298,2
cadd,2
kuruluşun,2
0312,2
552,2
285,2
malın,2
zmir,2
prospektü,2
broşür,2
tıp,2
sahiplerinin,2
342,2
satışa,2
başvurucuya,2
başvurucunun,2
eksikliklerini,2
tamamlayamaması,2
reddedilmiş,2
bulunmadığı,2
anlaşılan,2
rehin,2
haciz,2
başvurucu,2
ekibi,2
usullerinin,2
satışına,2
sözleşmelerden,2
sanayi,2
zorun,2
ludur,2
bütünlük,2
sadi,2
teşhi,2
verebilecek,2
garanti,2
201,2
hususları,2
cevap,2
sırasına,2
kongr,2
belirterek,2
tip,2
gazetesind,2
model,2
bulunmaması,2
tümünü,2
marka,2
gazeteleri,2
tercümanlık,2
verilm,2
malzemelerin,2
verdikleri,2
birinin,2
dil,2
tekni,2
213,2
numaraları,2
yaptırılamaz,2
kalemlerin,2
cetvelindeki,2
tesisin,2
mutlaka,2
verecektir,2
kurucuları,2
antetli,2
teslimatlar,2
doksan,2
tebliğ,2
kısmi,2
250,2
cevaplar,2
maddey,2
ifadeleri,2
anlaşıldı,2
okundu,2
hayır,2
evet,2
kat,2
06800,2
katılabilm,2
değerlendirmesind,2
bulunacaktır,2
kaşesi,2
imzası,2
yetkilisinin,2
yazılmış,2
ortakları,2
kağıdına,2
sunacaklardır,2
bulunması,2
hakkinda,2
güncelliğini,2
kuk,2
tahak,2
kadroya,2
çözme,2
problem,2
kasabası,2
hürriyet,2
devri,2
nönü,2
yönünde,2
belediyemiz,2
değerlendi,2
lmesi,2
çağrılacaktır,2
hazırlanmasını,2
değerlendirilmesini,2
sitesinden,2
programına,2
vatandaş,2
ösym,2
getirilecek,2
kalitesinin,2
sistemlerinin,2
standartlarının,2
belirlenmesi,2
kuruluşlarının,2
izin,2
formunu,2
konu,2
gönderilen,2
revleri,2
yapımına,2
görüş,2
biriminden,2
unvanına,2
katılmayan,2
araçlarına,2
konuları,2
anayasası,2
atatürk,2
katı,2
uygulaması,2
zorunlu,2
kiralanmasına,2
uygulamalı,2
tahsi,2
mülkiyeti,2
onarım,2
sermay,2
sinavin,2
derslik,2
uygulanmasına,2
halk,2
hatalı,2
tebligat,2
inşaat,2
projelerinin,2
belirtilmiş,2
gönderilecektir,2
verimliliği,2
giriş,2
ihaleler,2
projelerin,2
hazırlanmasına,2
projeler,2
mühendislik,2
tutar,2
kullanılmasına,2
kısmının,2
derecesi,2
atanmak,2
bürosunun,2
bürosu,2
koordinatör,2
arasından,2
yöneticileri,2
nitelikleri,2
hazırlayıp,2
taban,2
şlem,2
yaptığı,2
avukatın,2
harita,2
bölümünden,2
olu,2
atık,2
eşitliğini,2
artıracak,2
sonuçlarından,2
yararlanmak,2
iyi,2
olağanüstü,2
kurumlarına,2
fiziki,2
nları,2
verilmesin,2
pansiyon,2
koyuncu,2
pek,2
standartlar,2
4361,2
kadın,2
başvurularda,2
raporlama,2
ail,2
çağına,2
hakkının,2
dilekç,2
başvurularını,2
icra,2
tedbirleri,2
tutmak,2
aranan,2
ödenmesini,2
gelmiş,2
yapılmış,2
kontrolleri,2
süreci,2
işlerin,2
süratli,2
yasal,2
alınmasını,2
mevzuata,2
kullanılması,2
giren,2
karıştırma,2
fesat,2
örneklerini,2
suç,2
hızlı,2
bilgilerini,2
suçlar,2
suçtan,2
bile,2
medyada,2
başvuracak,2
sınavda,2
tesislerl,2
konularında,2
imam,2
bütünleştirm,2
kaynaştırma,2
temelli,2
sağlayıcı,2
geliştirilmesini,2
liselerind,2
anadolu,2
birliğini,2
ortaokullarında,2
mam,2
ahl,2
istihdam,2
güvenc,2
yapacakları,2
uygulamalarının,2
psikolojik,2
danışma,2
yetenekli,2
tedbiri,2
çocukların,2
arası,2
sağlamaya,2
örgün,2
becerilerini,2
geliştirici,2
imk,2
şubel,2
kümleri,2
tahsisi,2
vergi,2
öngörülen,2
okullarda,2
sektör,2
yardımcı,2
dayanak,2
geçen,2
tanımlar,2
hazırlanmıştır,2
dayanılarak,2
327,2
kararnamesinin,2
düzenlemektir,2
uyumunu,2
amacı,2
amaç,2
başlangıç,2
kuruluşu,2
9767,2
yayımlanır,2
bakanlığını,2
ihtisaslaşma,2
coğrafi,2
müdürlüğünü,2
müdürünü,2
ifad,2
arz,2
norm,2
başkanı,2
yardımcıları,2
2022,2
güncellemek,2
yerleşim,2
planlamasını,2
gerçekleştirmek,2
etkinlikler,2
ihtiyaçlara,2
para,2
ücret,2
bur,2
bilimsel,2
sekretarya,2
güvenliğini,2
lardır,2
şun,2
planlarının,2
etkinlikleri,2
adaylarının,2
seviy,2
şubelerl,2
göndermek,2
talepleri,2
düzenlenecek,2
sonuçlarını,2
kurums,2
duyurusunda,2
gönderilecek,2
lisansüstü,2
görmek,2
özlük,2
dosyalarının,2
ödül,2
konusunda,2
arşiv,2
yöneticilerin,2
değiştirm,2
2001,2
atamaya,2
toplu,2
soruşturma,2
aritmetik,2
kitapları,2
koordinatörü,2
ünvanlarında,2
hazırlama,2
kayıtlarını,2
sertifika,2
ödemesi,2
merkezleri,2
doçentlik,2
lığı,2
fıkrası,2
kişilerl,2
kurumlarını,2
denetlemek,2
süreçleri,2
yök,2
erişimi,2
birinden,2
muayen,2
elektrik,2
teknisyen,2
uzmanlaşmış,2
eğitimd,2
alanlarından,2
yenilikçi,2
faaliyetlerl,2
bilimleri,2
geliştirilmesin,2
derecesin,2
alanlarda,2
alanların,2
koordinasyonunu,2
ihtiyaca,2
programcı,2
çözümleyici,2
lgililer,2
356,2
mevcut,2
şehircilik,2
zleme,2
istediği,2
göçer,2
rulunca,2
hükmedildiğinden,2
2020,2
görevlerin,2
olanlar,2
etmekl,2
edilmiştir,2
mahalled,2
kırsal,2
kursiyerlerin,2
kaldırılmıştır,2
aleyhin,2
bakanlığımız,2
köyde,2
yönetmelikl,2
ilanı,2
klim,2
koordinasyonu,2
ltd,2
322,2
durum,2
olunur,2
konular,2
müdüründen,2
yürütülmesinden,2
komisyon,2
birimlerin,2
591,2
kursiyeri,2
desteği,2
görevini,2
kurumlarından,2
377,2
kaldırılan,2
itiraz,2
nlar,2
kararının,2
324,2
önerilerd,2
uygulanan,2
2024,2
altındaki,2
devamsızlık,2
geliştirir,2
bun,2
başka,2
taşıması,2
dördüncü,2
kuruluşunun,2
tura,2
incelenmesi,2
mühendisi,2
turi,2
münhasıran,2
oluşturmak,2
sorumluluğuna,2
görülen,2
grupları,2
ortağı,2
görevlendirilecek,2
bulunur,2
2013,2
sağlik,2
ların,2
valinin,2
kurullar,2
dere,2
müdürlüklerinc,2
gönderilir,2
yürürlük,2
şti,2
imzalamak,2
kuruluşunda,2
idar,2
almaması,2
teslimi,2
ilçed,2
uygulanabilir,2
zeka,1
yapay,1
fakültesi,1
bilgiler,1
işin,1
uzatabilir,1
ünvan,1
tercihen,1
bilimi,1
doğa,1
yazılımı,1
resim,1
makbuzu,1
sirküsü,1
uçak,1
defteri,1
pay,1
mza,1
koşullar,1
akademi,1
husu,1
birind,1
darey,1
leten,1
hususlara,1
listeyi,1
formatlı,1
kurucularına,1
satışın,1
profesörlük,1
makalel,1
yükümlüdürler,1
bildiril,1
ortaklar,1
araştırmakla,1
yayınlara,1
önceden,1
görevlil,1
imzalayanın,1
atıflar,1
malat,1
yönetilen,1
mektubunu,1
arama,1
esasların,1
ödüller,1
patentl,1
tabidir,1
salonları,1
580153,1
sergil,1
ortaklık,1
oranlarına,1
sanatta,1
kazanmaları,1
istekli,1
dallarından,1
bilahar,1
letnamesi,1
lanen,1
veriyor,1
niteliğ,1
evraklari,1
mzalı,1
4408,1
üyelerin,1
özgeçmiş,1
sınıflandırılmış,1
318,1
hissel,1
halka,1
kopyaları,1
yürütmektedir,1
istenir,1
yapmaları,1
kişilerden,1
harç,1
343,1
muaftır,1
bulduğu,1
şartnamedeki,1
puanından,1
siparişl,1
siparişleri,1
imzalanma,1
belirtilecektir,1
deposuna,1
ayniyat,1
listeleri,1
alanlara,1
html,1
ilanlari,1
408394,1
ankarasehir,1
http,1
evraklarını,1
ilana,1
çıktığı,1
ankarash,1
771137,1
dahili,1
kadrolardan,1
puanlarını,1
oranından,1
numarasıyla,1
göz,1
önünde,1
bulundurularak,1
sözleşmey,1
lehin,1
sayılmak,1
üyelerinc,1
puanların,1
ayı,1
ortalamasının,1
şarttır,1
vergidairesi,1
eklerind,1
saatleri,1
puanının,1
311,1
tanınır,1
ortalaması,1
alınmak,1
puanlarının,1
olana,1
tamamlamak,1
teslimatı,1
beklemeksizin,1
talebini,1
hastanenin,1
verilmemişs,1
öncelik,1
düşük,1
yardimciliklari,1
şartnamelerind,1
591014,1
kriter,1
bulunulacaktır,1
sonuçlarına,1
listesinin,1
ilanından,1
tirazlar,1
sonuçlandırılır,1
ilgiliy,1
4342,1
üniversitemizin,1
2547,1
hazırlanılacaktır,1
evraklarla,1
daremizc,1
üniversitemiz,1
rbaş,1
demi,1
maddeleri,1
getirmeleri,1
evraklar,1
310,1
4474,1
06600,1
hazi,1
bitiş,1
başhekimliğinden,1
başsavcılığına,1
cumhuriyet,1
aykırı,1
bulmadığı,1
takdird,1
kısmını,1
hiçbirini,1
alıp,1
almama,1
hakkına,1
deneyimi,1
sahiptir,1
halesi,1
gerçeğ,1
gerçeği,1
haklarında,1
sakladığı,1
işlerl,1
tamamlanan,1
davet,1
sınavları,1
geçersiz,1
yapılmaz,1
durumları,1
öngörülmemiştir,1
dahi,1
edemezl,1
dosya,1
nüsha,1
319,1
391,1
382,1
383,1
384,1
385,1
siva,1
386,1
1200,1
387,1
388,1
çaltı,1
389,1
390,1
393,1
398,1
394,1
liç,1
309,1
5506,1
7287,1
5800,1
5001,1
tr22,1
395,1
hesap,1
alıcı,1
396,1
381,1
4367,1
970,1
379,1
369,1
nebolu,1
nüshasının,1
gölü,1
ödendiğin,1
370,1
4355,1
371,1
372,1
4359,1
tuzla,1
alınabileceği,1
374,1
ekleri,1
yeterlidir,1
zara,1
ortaklarından,1
375,1
4365,1
4366,1
dekontun,1
378,1
verenin,1
surett,1
yatırılacaktır,1
397,1
399,1
bildiği,1
ler,1
senetlerinin,1
değerleri,1
verebilirl,1
dursunbey,1
koşuluyla,1
beşağaç,1
katılımı,1
kanunlar,1
görüşmelerin,1
khk,1
görüşmeler,1
sahibinden,1
kararnameleri,1
erzincan,1
067,1
1589,1
tüzükler,1
tebliğler,1
resmi,1
1588,1
tarsu,1
sineninak,1
mersin,1
abon,1
çayı,1
olmadan,1
birbirleri,1
ese,1
borçlanma,1
kurları,1
ürettikleri,1
ndirimli,1
dereköi,1
ihalelerin,1
katılabilir,1
şeyhler,1
dernekl,1
hüküm,1
edinebileceklerin,1
faydalanacakların,1
belgelerind,1
fonları,1
gayrimenkul,1
tespitin,1
tebliğind,1
eskişehir,1
kooperatifl,1
seyitgazi,1
kırka,1
salihl,1
kizoluk,1
dana,1
bankasınca,1
döviz,1
ilişkilendirilemez,1
öncesin,1
babaköi,1
doğanören,1
çukurambar,1
yapılmayan,1
diplomaların,1
üniversitelerarası,1
kurulca,1
denkliğinin,1
onaylanmış,1
borç,1
meşrutiyet,1
üniversit,1
yüzotuz,1
farkı,1
sokak,1
dumlupınar,1
karakoca,1
faiz,1
basit,1
kapı,1
yüzdeotuzbeş,1
tutarına,1
seksen,1
kırksekiz,1
şile,1
4341,1
06530,1
oniki,1
344,1
taşımayan,1
tutulacaktır,1
alınmadan,1
imzalanabilecektir,1
diller,1
programlara,1
başvuranların,1
yeterliliğini,1
sağladıklarına,1
doldurulmuş,1
tablosu,1
tapu,1
yatırımlar,1
puanlamaya,1
belgelenir,1
lgi,1
lendi,1
rme,1
toplamda,1
kişiliğ,1
kanunlarına,1
dilekçelerin,1
ülkelerinin,1
ülkelerd,1
gerçekleştirilmeyecektir,1
kırkbeş,1
tutarın,1
ekleyerek,1
gizli,1
345,1
810,1
kırk,1
361,1
362,1
yükleniciy,1
yatırılacak,1
imzalandığı,1
tutarlarda,1
bölgede,1
lokasyonda,1
yukarıdaki,1
363,1
sahiplerinden,1
gönderilebilecektir,1
4350,1
364,1
365,1
teyidinin,1
ocakları,1
susurluk,1
metrajlar,1
4351,1
kabaklar,1
367,1
368,1
4354,1
ulaştırılması,1
sultançayır,1
hesaba,1
4343,1
tutanak,1
360,1
346,1
ödemelerd,1
348,1
349,1
350,1
günün,1
yazılmalıdır,1
başladığı,1
alacaktır,1
bigadiç,1
satırında,1
tülü,1
sayfasının,1
ana,1
yüklenicinin,1
351,1
352,1
353,1
354,1
yapıldıktan,1
daremiz,1
357,1
358,1
359,1
4284,1
başarılı,1
kaleminin,1
ölçülmesind,1
firmalar,1
bırakılacaktır,1
hrc,1
dairesinin,1
başlanılan,1
arzları,1
kullanımları,1
laç,1
cihazların,1
görülmey,1
edimin,1
ifasına,1
kaynaklanan,1
çıktılar,1
numaralarına,1
rockvvel,1
bahsedilen,1
malvarlığı,1
değerlerini,1
aklama,1
sertlik,1
ithal,1
kaçakçılık,1
suçlarından,1
üretilen,1
bozma,1
315,1
ifla,1
askerlikl,1
hile,1
din58298,1
yönetmeliklerin,1
söz,1
edileceks,1
düzene,1
düzenin,1
malzemeyl,1
işleyişin,1
zimmet,1
irtik,1
cetvelind,1
numaralarını,1
2010,1
gerektiriyorsa,1
rüşvet,1
hırsızlık,1
dolandırıcılık,1
özellikl,1
sahtecilik,1
tekil,1
güveni,1
kötüye,1
sistemd,1
kullanma,1
normlarında,1
mahk,1
ilgisi,1
anayas,1
kesintisiz,1
sınavına,1
düzenlendiği,1
grubu,1
muhasebeci,1
serbest,1
girmiş,1
yeminli,1
unvanın,1
memurlukları,1
karşısında,1
ortağına,1
türünden,1
hissesin,1
yarısından,1
düşündüğü,1
39669,1
yaptırmayı,1
kullanacak,1
çalıştırılmasına,1
puanını,1
vekilin,1
vekaletnam,1
vekil,1
vekaleten,1
maddelerind,1
yıldır,1
şartın,1
bayii,1
öğreniml,1
fabrika,1
bakanlığımızca,1
gelmemiş,1
muvazzaf,1
karara,1
sunulacaktır,1
hizmetini,1
yahut,1
reklam,1
ertelenmiş,1
sınıfa,1
geçirilmiş,1
devamlı,1
yapmasına,1
data,1
engel,1
olabilecek,1
akıl,1
hastalığı,1
hükmedilmiş,1
kadrolar,1
belgeler,1
arzına,1
olunan,1
korunduğunu,1
ithalatçının,1
çeliğin,1
19451,1
taahhüdünü,1
325,1
rayiç,1
326,1
4429,1
kaldırılması,1
328,1
gençlik,1
spor,1
4476,1
329,1
4469,1
330,1
331,1
332,1
333,1
334,1
335,1
fiyatlara,1
31501,1
336,1
337,1
338,1
toplamı,1
bursa,1
4468,1
12221195,1
32355,1
dicl,1
2166,1
süresini,1
ömrünü,1
olmamasına,1
adını,1
uygulandığı,1
andan,1
555,1
konulması,1
makamından,1
12232797,1
görülmüştür,1
ömrü,1
cihaza,1
karşılanması,1
ihtiyacının,1
7720488,1
olmaması,1
parça,1
talimatlandırılmış,1
keskintek,1
geçmeyecek,1
edileceğin,1
81297,1
ithalatçı,1
mahkemesinin,1
339,1
4430,1
üretimd,1
puani,1
dokümanlar,1
orijin,1
tercümeleri,1
aletlerin,1
teknikerliği,1
p93,1
kadroları,1
şartlar,1
aşağıdadır,1
kadrolarına,1
metal,1
karışım,1
ıncı,1
haklarından,1
mahrum,1
süreler,1
işlenen,1
oranları,1
hapi,1
aranmayacaktır,1
beyan,1
cezasına,1
affa,1
beyanı,1
uğramış,1
fakültelerin,1
ts13011,1
ünü,1
aletleri,1
alim,1
ili,1
stekli,1
reddin,1
davanın,1
sehven,1
belirtilmeyen,1
dareler,1
atanacaklara,1
unvanı,1
değiştirilecektir,1
316,1
kaldırılmasına,1
kadrolara,1
açıktan,1
nsi,1
yeti,1
açıklamaları,1
cevapları,1
1940,1
fotoğraflarına,1
ünvani,1
sinifi,1
numuneleri,1
tedarik,1
341,1
denetçi,1
yeteneğin,1
difüzörünün,1
37070,1
mevkii,1
beceri,1
bük,1
klinik,1
bildirimd,1
taşköprü,1
586925,1
bulunulmayacaktır,1
edilip,1
çağrılan,1
4349,1
317,1
tarihinin,1
taşinmaz,1
32878,1
satilacaktir,1
cerrahpaşa,1
girişt,1
formunun,1
bölümünde,1
ptal,1
formunda,1
4358,1
323,1
edemeyen,1
teknelerinin,1
321,1
transport,1
doküman,1
alımlarda,1
adaydan,1
çağrılacak,1
sıradaki,1
binası,1
ofi,1
adayla,1
yapılmayacaktır,1
toleranslıdır,1
puana,1
anatomisi,1
detaylar,1
işini,1
ekipmanlarının,1
tesisat,1
kaid,1
tertibatının,1
tahrik,1
saclarının,1
puanları,1
millerinin,1
zamanı,1
başvuruların,1
eld,1
bildirimleri,1
lçemiz,1
puanlı,1
sayılacaktır,1
kaleml,1
açıktır,1
lkeleri,1
nkıl,1
fiyatını,1
idarelerl,1
nolu,1
satım,1
dairesi,1
kmal,1
854,1
yeteneğinin,1
2912,1
ölçülmesini,1
alımın,1
486,1
sinav,1
sonuçlarina,1
raz,1
kalanın,1
776,1
temmuz,1
lke,1
nkılapları,1
idarel,1
yasaklamalarla,1
kaybetmiş,1
başvuranın,1
mustafa,1
sorumluluğundadır,1
320,1
bildirimi,1
sebebiyl,1
postada,1
oluşabilecek,1
gecikmel,1
postanın,1
tutulamayacaktır,1
4385,1
zamani,1
konulari,1
bitirilemez,1
ertesi,1
kazandığı,1
değildir,1
mazeretin,1
binaen,1
hakkını,1
1000,1
0005,1
3720,1
tr24,1
şubesindeki,1
kemal,1
dokümanın,1
ulaşmasından,1
çalıştığı,1
adaylardan,1
siparişin,1
başlayacaktır,1
teminin,1
kurumumuzdan,1
imzalama,1
teslimini,1
kuruma,1
ürünü,1
başlanacak,1
edecekleri,1
yüzseksen,1
batman,1
doldurup,1
edileceği,1
imzalayarak,1
formuna,1
matrix,1
kısım,1
ekleyeceklerdir,1
nüfu,1
cüzdanı,1
kartının,1
287640,1
2019,1
453,1
steni,1
denetçisi,1
mezunları,1
montajı,1
kuruluşlarından,1
müdürlüklerin,1
muhaseb,1
saymanlık,1
disiplinsizlik,1
ahlaki,1
nedenlerl,1
çıkarılmış,1
1983,1
2918,1
gerekir,1
sunmaları,1
hükümlerinc,1
teklifleri,1
sayılan,1
katılabilmeleri,1
tablonun,1
nitelik,1
314,1
açılacağı,1
başlanacaktır,1
kısmında,1
teslimleri,1
esnasinda,1
çalışır,1
barkotlu,1
sonuç,1
sıralanarak,1
tamamında,1
şahsen,1
laboratuvarı,1
müracaatlarını,1
geciken,1
geçerlik,1
temsilcilerinin,1
postalardan,1
ödeyerek,1
firmaların,1
başvurulacağı,1
yöntemlerin,1
olmayacaktır,1
taktird,1
başvurulara,1
görüldüğü,1
verilebileceği,1
şefliği,1
eklenerek,1
olmadığı,1
başvurularin,1
modellem,1
lenleri,1
tutulamaz,1
puanlarına,1
olmasından,1
işi,1
ilanımız,1
tli,1
günlerind,1
çeşi,1
4428,1
çıktısı,1
üretim,1
çekilmiş,1
vesikalık,1
fotoğraf,1
yapıştırılacak,1
yaptığına,1
malı,1
başvuracağına,1
sağladığı,1
yalnızca,1
tarihlerind,1
haz,1
tibbi,1
yili,1
313,1
aslının,1
kurumumuza,1
doldurmaları,1
kill,1
bitimin,1
yapmakta,1
istekliy,1
4364,1
güç,1
446,1
konularındaki,1
birimleri,1
per,1
sonel,1
zırlama,1
birimlerind,1
sistemleri,1
rumlu,1
yöneticisinin,1
seçilir,1
lüklerind,1
linin,1
1958,1
7126,1
uzmanları,1
şur,1
uzmanlarından,1
çalışanlarının,1
metlerinin,1
6331,1
bunlara,1
odalarının,1
soru,1
sistem,1
notunu,1
müdü,1
rüne,1
müşavirliğin,1
ulaştırmak,1
sayfasındaki,1
sıkça,1
sorulan,1
sorular,1
sekmesini,1
netmek,1
muhakemat,1
danışmanlığına,1
avukatlar,1
avukatlardan,1
avukat,1
yetkisini,1
haizdir,1
bünyesindeki,1
iklim,1
oluş,1
turulur,1
materyalleri,1
mında,1
alarak,1
devamlılığını,1
eklenti,1
açma,1
kapatma,1
isim,1
kapasit,1
verimlilik,1
donatım,1
standartlarını,1
çerçeved,1
yaygınlaşmasını,1
haftalar,1
kutlama,1
anma,1
gulanmasını,1
velileri,1
tarafların,1
kapsa,1
zaruri,1
salgın,1
kültürünü,1
gereçlerin,1
kullanımlarını,1
edecek,1
yürütülmesind,1
kursiyerler,1
saha,1
moral,1
ortamını,1
projeleri,1
kurslarının,1
yararlan,1
paydaşlarıyla,1
tekliflerd,1
etkili,1
kursiy,1
merkezli,1
desteklem,1
yetiştirm,1
nacak,1
hazırla,1
bulunanlara,1
başvurunun,1
birlikleri,1
mahkem,1
ilam,1
harcı,1
tazminat,1
avukatlık,1
ücretlerinin,1
kontrolünü,1
müşavirliğinin,1
ilişkilerl,1
2003,1
4982,1
1984,1
3071,1
istek,1
öneri,1
ihbar,1
şik,1
yet,1
yönetimini,1
finans,1
programıyla,1
zaman,1
cevaplarını,1
hazırlayarak,1
gön,1
dermek,1
avrupa,1
alanı,1
şubesin,1
ödenekleri,1
öde,1
zararı,1
neklerin,1
ödemelerin,1
alımları,1
alımların,1
tahakkukunun,1
yapılarak,1
gelirlerinin,1
ödemeleri,1
cevaplamak,1
araştırmayı,1
önceliği,1
başvuruyu,1
rının,1
erişilebilirliğin,1
hususunda,1
bilgilendirmeyi,1
iletişimi,1
rimli,1
kullanmasını,1
video,1
fotoğraflarını,1
çekmek,1
arşivlemek,1
hesaplarını,1
şavirliğinc,1
haberleri,1
basına,1
yöntemleriyl,1
duyurmak,1
haberlerden,1
önem,1
araçla,1
kurulabilmesi,1
ihbarlarda,1
bulundurmak,1
yerindelik,1
unsurları,1
ğerlendirerek,1
cevaplandırmak,1
nitelikt,1
kararlara,1
alımlarına,1
raporlarının,1
asıllarının,1
sel,1
birimd,1
bulunduğunu,1
ihtiva,1
do,1
planlarını,1
teşkil,1
eyleml,1
yangın,1
desteklerini,1
yöneltm,1
bireysel,1
isteyebilir,1
çoğunluğu,1
toplanır,1
çokluğu,1
gündemi,1
müdürlerinc,1
gününden,1
lde,1
kay,1
makamın,1
görüşülmesini,1
komisyonun,1
gündemin,1
kararlarından,1
uygulanabilecek,1
konulur,1
üyelerinden,1
personelinden,1
oluşturabilir,1
çalışmalarında,1
diğeri,1
başında,1
çağrısı,1
somut,1
ild,1
türünün,1
seçiml,1
eylül,1
ayında,1
üyeliği,1
erenl,1
seçilincey,1
planlar,1
incelenmesini,1
komisyonunca,1
önerilerden,1
rarlar,1
belirl,1
necek,1
rünün,1
mut,1
hazırlar,1
birimlerden,1
verdiği,1
dür,1
koordina,1
denetlenmesin,1
2006,1
5510,1
sigortalar,1
mütekabiliyet,1
anlaşmaları,1
gir,1
meyen,1
turist,1
çıkan,1
sunan,1
almaz,1
savaş,1
cumhurbaşkanı,1
yara,1
lılar,1
yurtdışı,1
türkler,1
akraba,1
yetkilendirilmesi,1
yürütecek,1
larının,1
ziyaretleri,1
yonunu,1
sayıda,1
şan,1
oluşturulabilir,1
büroların,1
takvimini,1
talimatı,1
toplantıları,1
planlamayı,1
sunum,1
yaparak,1
28471,1
görevin,1
başlayıncaya,1
uluslararasi,1
zmi,1
sti,1
sağliği,1
merkezind,1
kurulları,1
yöntemleri,1
istatistiki,1
mevsimlik,1
işçileri,1
yarı,1
ailelerin,1
çocuklarının,1
eri,1
şimin,1
zamanlı,1
odaları,1
sınıflarında,1
sürdürülen,1
raporlamaya,1
yöneticilerinin,1
performanslarını,1
durumlarını,1
terki,1
riski,1
araştırmalar,1
platformlarında,1
rekli,1
erişimleri,1
rütülmesind,1
yatılılık,1
yönlendirilmesin,1
çalışmalarının,1
aidiyet,1
duygusunu,1
raporlaştırmak,1
kontenjan,1
terklerini,1
azaltıcı,1
burslulukla,1
sporcu,1
sportif,1
yarış,1
malara,1
başarısını,1
kalmasını,1
sağlayacak,1
öğrencilerl,1
etkinliklerin,1
başarılarını,1
lendirmek,1
28532,1
yeterliliklerini,1
idaresi,1
yetkilendirilenl,1
sorumluluklarına,1
hizmetler,1
katılmakla,1
imzalamakla,1
şef,1
arasındaki,1
sağlayarak,1
yürütmekl,1
kendisin,1
amirlerin,1
yanında,1
yapmakla,1
3935,1
cum,1
hurbaşkanı,1
konulan,1
elli,1
zuat,1
mev,1
vereceği,1
yönlendirmek,1
sistemlerdeki,1
verilerinin,1
olmasını,1
fıkradaki,1
kurularak,1
politikaları,1
larını,1
programlar,1
ederek,1
tedbirlerin,1
dürü,1
yapacağı,1
esaslar,1
yardım,1
cısını,1
lendirir,1
şveren,1
getirilmesini,1
önergeleri,1
meclisi,1
aracılığıyla,1
yaptırımlarla,1
bitirm,1
etkinlik,1
belediyelerl,1
protokolü,1
kurslar,1
28239,1
yönetmeliğinin,1
sekizinci,1
nuçları,1
materyallerinin,1
kullanımıyla,1
izl,1
süreçl,1
rini,1
rehabilitasyon,1
şunlar,1
dır,1
altyapısı,1
donanımına,1
tamamlama,1
cezaları,1
millet,1
giderleriyl,1
lışmaları,1
göç,1
rumlarda,1
planlanması,1
gulanmasına,1
açılış,1
kapanış,1
yürüt,1
görevden,1
ayrılma,1
onaylarına,1
kurumlarla,1
stratejilerinin,1
azınlık,1
okulları,1
okullar,1
okullara,1
arsa,1
muafiyetiyl,1
keşif,1
envant,1
tut,1
kayıtları,1
talepl,1
ihtiyaçlar,1
programı,1
başkanlığına,1
ortamı,1
gereçl,1
basılı,1
içerik,1
dönemi,1
yetiştiren,1
gören,1
öğrencil,1
öğretmenlik,1
mesleğin,1
hazırlık,1
derslerin,1
düzeydeki,1
katılım,1
taleplerin,1
planını,1
gelişimlerin,1
rütülen,1
uygulamalara,1
belirlemek,1
htiyaç,1
içeriklerinin,1
yönetilmesin,1
bilinçli,1
güvenli,1
teknoloji,1
kullanımı,1
görünürlük,1
letmeni,1
becerilerin,1
planla,1
düzenlemek,1
laboratuvarlarını,1
sınıfları,1
stüdyo,1
atöly,1
kullanılmasını,1
etkinlikl,1
tanınması,1
öğrenmelerin,1
nüfusu,1
esastır,1
itibarıyla,1
özellik,1
yısına,1
birleştirilerek,1
ayrılarak,1
teşkilatlandırılabilir,1
revlerin,1
fettişleri,1
başkan,1
müfettiş,1
31765,1
yönetmeliğind,1
kanlığın,1
hedef,1
ilköğretim,1
alanlarını,1
ilköğretimd,1
okula,1
yürütülmesi,1
yetkil,1
şubeleri,1
sayfadadır,1
sekreterliği,1
cumartesi,1
recep,1
tayyip,1
erdoğan,1
ekim,1
1920,1
çindekil,1
müdürlüklerinin,1
oluşturu,1
yürütülmesin,1
bakanlığının,1
dürlüklerini,1
1973,1
1739,1
büroyu,1
sistemlerini,1
sistemini,1
devamına,1
dağınık,1
önceki,1
yerlerindeki,1
uygulanma,1
mobil,1
bağımlılık,1
şiddet,1
eğitici,1
eğitimlerini,1
birey,1
planlama,1
kademel,1
geçişt,1
leri,1
tim,1
alamayan,1
öğrenmenin,1
yöntemlerini,1
kültürünün,1
tanıtılması,1
yaygınlaştırılması,1
değerlendirmesini,1
yaygınlaştırılmasını,1
kurumlarınca,1
politikalarını,1
ustaların,1
ortaöğretimi,1
öğrencilerinin,1
yerleştirmelerin,1
belirlem,1
lerini,1
katılımları,1
çırak,1
kalfa,1
işletmelerd,1
metler,1
öğretimini,1
alanındaki,1
dersleri,1
gözet,1
hafızlık,1
çalışmaların,1
program,1
çeşitliliği,1
öğretmenin,1
sınıf,1
içi,1
girişlerini,1
alanları,1
işletm,1
yenilettirilmesi,1
yeniden,1
deprem,1
tahkiklerini,1
güçlendiril,1
cek,1
bildirmek,1
yaptırılabilecek,1
taşınabilir,1
kamulaştırma,1
yatırımlarla,1
analizlerini,1
bilginin,1
üretimi,1
kalitesin,1
belirleyip,1
yatırımların,1
işlemler,1
yaptırılmasıyla,1
kiralama,1
edişler,1
yatırımları,1
planlanan,1
sunulmalarını,1
binaların,1
enerji,1
tadilatlarıyla,1
ödeneğ,1
şartnamelerinin,1
konut,1
modeliyl,1
yapıların,1
mimari,1
hazırlatılan,1
yapılarının,1
projelerini,1
incelemek,1
lıktan,1
tahsisli,1
yt,1
şubelerind,1
programında,1
üzerindeki,1
analiz,1
odaklı,1
artırılması,1
süreçlerinin,1
bürokrasi,1
kırtasiyeciliğin,1
azaltılmasına,1
kapasi,1
tesini,1
üniversitelerin,1
ruluşlarının,1
araştırmacıların,1
toplama,1
sisteminin,1
kurulması,1
larında,1
stan,1
dartlar,1
büyük,1
güncelleştirmek,1
toplamak,1
standartlara,1
transkript,1
reh,1
berlik,1
modülü,1
duyuruların,1
takibi,1
sınavının,1
mevzuatta,1
uyruklular,1
belgelerinin,1
statistiki,1
planı,1
eylem,1
planları,1
izlenmesini,1
raporu,1
takvimin,1
etkililiği,1
memnuniyetin,1
hazırlıklarına,1
yapılarına,1
izlenmesi,1
kaynak,1
ylsi,1
programının,1
muhafazasını,1
emeklilik,1
soruşturması,1
araştırması,1
başvurularına,1
kariy,1
basamaklarına,1
memurluğuna,1
atananların,1
adaylık,1
pasaport,1
4688,1
sendikaları,1
raporlarına,1
kurulunda,1
görüşülecek,1
dosyalara,1
yerleştirm,1
öğrencileri,1
dışına,1
organizasyonu,1
değerlendiril,1
mesi,1
hazırlanarak,1
yüklenen,1
iliş,1
kin,1
sınavların,1
uygulanmasıyla,1
görüp,1
taleb,1
yurda,1
dönen,1
sistemim,1
lamalarına,1
1929,1
1416,1
ecnebi,1
memleketler,1
makamlardan,1
gereçleri,1
katkısı,1
natıma,1
kütüphanelerinin,1
zenginleştirilmesin,1
müzelerinin,1
işleyiş,1
müze,1
eserlerinin,1
arşivlenmesin,1
servi,1
planında,1
kullanılacak,1
mülkiyet,1
imar,1
sorunlarının,1
çözülmesin,1
hazır,1
teklifini,1
eklentileri,1
onaylanan,1
programların,1
envanterin,1
karşılanmasına,1
ihtiyaçlarının,1
ısınma,1
taşınır,1
taşınmazlara,1
depo,1
lojmanlar,1
yemekhan,1
öğretmenevleri,1
döner,1
temizlik,1
aydınlatma,1
yakıt,1
evrak,1
haziney,1
yerlerin,1
erişimlerin,1
giderlerin,1
sıvı,1
yakıtla,1
ısınan,1
topluluklar,1
balkanlardan,1
1620,1
232,1
234,1
235,1
236,1
237,1
238,1
239,1
240,1
241,1
243,1
244,1
245,1
246,1
247,1
248,1
249,1
251,1
252,1
253,1
254,1
233,1
231,1
108,1
230,1
209,1
210,1
211,1
214,1
215,1
216,1
217,1
218,1
219,1
220,1
221,1
222,1
223,1
224,1
225,1
226,1
227,1
228,1
229,1
255,1
256,1
257,1
258,1
281,1
282,1
283,1
284,1
286,1
287,1
288,1
289,1
290,1
291,1
292,1
293,1
294,1
295,1
296,1
297,1
299,1
301,1
302,1
280,1
279,1
278,1
267,1
259,1
260,1
261,1
262,1
263,1
264,1
265,1
266,1
268,1
277,1
269,1
270,1
271,1
272,1
273,1
274,1
275,1
276,1
208,1
207,1
206,1
158,1
136,1
137,1
138,1
139,1
140,1
141,1
142,1
144,1
145,1
146,1
147,1
148,1
149,1
151,1
152,1
153,1
154,1
155,1
156,1
135,1
133,1
131,1
118,1
110,1
111,1
112,1
113,1
114,1
115,1
116,1
117,1
119,1
129,1
121,1
122,1
123,1
124,1
125,1
126,1
127,1
128,1
157,1
159,1
205,1
160,1
184,1
185,1
186,1
187,1
188,1
189,1
190,1
191,1
192,1
193,1
194,1
195,1
196,1
197,1
198,1
199,1
202,1
203,1
204,1
183,1
182,1
181,1
169,1
161,1
162,1
163,1
164,1
165,1
166,1
167,1
168,1
170,1
179,1
171,1
172,1
173,1
174,1
175,1
176,1
177,1
178,1
303,1
304,1
artirma,1
yayımlanması,1
edilmesin,1
vermesi,1
geçmi,1
borçlari,1
borçların,1
onaylanma,1
tekemmül,1
ettirilmiş,1
yetkilidir,1
müracaatlar,1
alınıp,1
bedelinden,1
ödenmez,1
ğer,1
sonucunun,1
bildirilmesini,1
müteakiben,1
onayında,1
şbu,1
307,1
hepsiyl,1
kalması,1
dekont,1
gerekmekt,1
paraflanıp,1
imzalanarak,1
ziyaretind,1
müracaat,1
edebilirl,1
yirmibin,1
yatırarak,1
imzaladıkları,1
altında,1
gizlilik,1
taahhütnamesi,1
yararlanabilirl,1
sebepl,1
sini,1
oluşturur,1
aşamasında,1
teklifin,1
ilanının,1
değişiklikl,1
suretl,1
ilanlar,1
taşinmazlar,1
numarasi,1
63576,1
767,1
63577,1
644,1
63582,1
483,1
561,1
yenimahal,1
macun,1
42131,1
517,1
zonguldak,1
kilimli,1
kuzyaka,1
didim,1
altınkum,1
624,1
leti,1
özelleştirilecektir,1
yöntemiyl,1
cetvelin,1
duyurular,1
bildiriml,1
asılmak,1
süreleri,1
asmak,1
saklıdır,1
alacakları,1
bulunanların,1
bildirmeleri,1
yatirimcilara,1
almakta,1
ndan,1
alınabilecektir,1
telefonları,1
34394,1
tel,1
4393,1
308,1
başvurmak,1
yatırılan,1
eksi,1
üzeri,1
otuzdörtmilyonikiyüzbin,1
sunulabilecektir,1
tr73,1
yatırılması,1
süresiz,1
katılımcı,1
nın,1
kontrolün,1
teminatı,1
edilmeyecektir,1
değerinin,1
fazlası,1
tutarında,1
tahvillerin,1
bloked,1
tutulduğuna,1
bankaca,1
üzerlerind,1
olduklarını,1
üçyüzkırkikimilyon,1
nün,1
oluşmaktadır,1
mahcuzların,1
ltme,1
nlari,1
satiş,1
atandığı,1
bağcılar,1
7145,1
bankacılık,1
oluşturan,1
cebri,1
yararlı,1
takyidatlardan,1
ari,1
şartlarla,1
çıkarılmıştır,1
bütünlüğün,1
kapsami,1
detay,1
hastanesinin,1
kayıtlarla,1
zarflar,1
bulunmakla,1
açılması,1
örgütü,1
faaliyett,1
bulunduğuna,1
oluşum,1
gruplara,1
aidiyeti,1
iltisaki,1
irtibatı,1
getirmeyenl,1
ncelem,1
bedelsiz,1
mukabilind,1
nüshası,1
onayını,1
taşıyan,1
ellibin,1
yatırmaları,1
eklerinin,1
aldığına,1
terör,1
pdi,1
fetö,1
işbu,1
başlayacak,1
artırmaya,1
oluşturulduktan,1
geçilecektir,1
306,1
katilim,1
iştirak,1
edemeyecek,1
denetlemekl,1
devrin,1
başına,1
denetimin,1
kontrolü,1
gruba,1
grup,1
görevinin,1
devredilen,1
atanması,1
109,1
107,1
cumhuriyetlerinden,1
göste,1
1972,1
1618,1
getirmesi,1
acentası,1
çağrıları,1
karşılamak,1
dild,1
yapıya,1
yapıyı,1
sağlayabilecek,1
çağrı,1
anda,1
ikiden,1
kuruluşta,1
çalışamaz,1
alacağı,1
hizmetlerinden,1
türüne,1
çıkabilecek,1
rir,1
alamaz,1
106,1
kuruluşlardan,1
hastanel,1
laboratuvarlar,1
diyaliz,1
rafından,1
akredit,1
düzen,1
lenen,1
ameliyathan,1
ortamında,1
girişimsel,1
olmaksızın,1
turistini,1
edebilir,1
31746,1
sunumu,1
vere,1
bilir,1
kuruluşça,1
faaliyetlerd,1
kötü,1
gulamalar,1
sorumluluk,1
kapsamındadır,1
yönlendirm,1
bildirim,1
kaydedilmesi,1
arşivlenmesi,1
hususlarında,1
tescil,1
2016,1
6698,1
korunması,1
işlenir,1
kild,1
aktarılır,1
göndermekl,1
girişini,1
oluşturacakları,1
birimlerini,1
bildirir,1
yılda,1
değerlendirilir,1
laşmaları,1
belirlenmiş,1
bildirilmesi,1
destekl,1
şikayetlerin,1
ğerlendirilmesi,1
düzeltici,1
önleyici,1
iyileştirm,1
getirir,1
vermekt,1
markası,1
semin,1
bilgilerinin,1
katılımına,1
faturalandırma,1
taburculuk,1
kuruluşlarla,1
getirmekl,1
bilmesi,1
bunun,1
belgelendirilmesi,1
verir,1
tamamlayıcı,1
geleneksel,1
alanda,1
bancılar,1
fıkrada,1
isteği,1
ödemeyi,1
1987,1
düzenlemel,1
namenin,1
cumhurbaşkan,1
508,1
yakın,1
larına,1
orga,1
nizasyonu,1
sağlanması,1
yürüten,1
kişilerc,1
işletilen,1
entegr,1
platformunu,1
kuvvetlerinc,1
kolluk,1
vaka,1
eğitimleri,1
imzalamış,1
anlaşma,1
venlik,1
sözleşmeleri,1
yardımı,1
vatandaşlarını,1
işbirliği,1
anlaşması,1
bakmakla,1
vatandaşlığı,1
yükümlü,1
oldukları,1
yakınları,1
statüsü,1
vatansız,1
statüsünd,1
2009,1
5901,1
sunumunun,1
tanıtımını,1
edici,1
sağlayan,1
bağı,1
rind,1
yürütebilmesi,1
gerçekleştirilir,1
uygunluğuna,1
gerçekleşti,1
rilir,1
açılmak,1
istenmesi,1
yetkilendirilmeyen,1
şubed,1
faali,1
yetleri,1
yürütülemez,1
devredilemez,1
standartları,1
faa,1
liyet,1
rehabilit,1
vatandaşlık,1
devleti,1
şirketini,1
alı,1
markasını,1
gözetimi,1
adıyla,1
kurulmuş,1
portalını,1
ruhsatına,1
üniversiteler,1
tesisini,1
narak,1
aldıkları,1
nedenl,1
yaban,1
cıların,1
hastalıklarda,1
almasını,1
enstitüsünü,1
süreliğin,1
olmakla,1
yeterliliği,1
ilgililer,1
yetersiz,1
2026,1
ortadan,1
kalkıncaya,1
kayıtların,1
suz,1
tutulduğunun,1
fiilin,1
tekrarlanması,1
göstermeyen,1
düzenlen,1
mez,1
2017,1
30123,1
ulu,1
lararası,1
uyumu,1
rizmi,1
renin,1
sağlamayanların,1
yükümlülükleri,1
çıktığının,1
telafisi,1
durulmasını,1
yaptırımlar,1
denetlenir,1
uymadığı,1
bakanlığına,1
hususlarda,1
kararnamenin,1
yönünden,1
ğerlendirilir,1
uymayanlar,1
denetiml,1
dur,1
tedavisini,1
olumsuz,1
etkileyen,1
metin,1
devamı,1
sağlığını,1
tehlikey,1
sokan,1
yükümlülüğü,1
nde,1
sorgu,1
canli,1
fıkra,1
nakleden,1
istasyonlarından,1
birin,1
nakledilen,1
hayvanları,1
tirmekl,1
istasyonlarına,1
girmeyen,1
hibin,1
cezası,1
stasyon,1
denetimlerl,1
kanlık,1
101,1
102,1
103,1
104,1
105,1
değiştirilmiştir,1
yürütüldüğü,1
nakillerl,1
28145,1
ürünleri,1
naki,1
lleri,1
kte,1
deği,1
kli,1
yapilmasina,1
dai,1
tabanından,1
belgesiz,1
değiştirilmiş,1
fık,1
raya,1
bent,1
istasyonu,1
vasıtaları,1
denetimlerinin,1
yapıldığı,1
formlarında,1
denetimi,1
değerlendiri,1
dökümünü,1
uyruğuna,1
güvencesinin,1
olmadığına,1
bakılmaksızın,1
kurumundan,1
kazalarında,1
kendisinden,1
edilemez,1
kazası,1
nedeniyl,1
isteğ,1
sigortaya,1
edilerek,1
poliç,1
şlemleri,1
deli,1
tarifesind,1
uymakla,1
mevzuatına,1
kazaları,1
sağlandıktan,1
müdahal,1
metlerinden,1
sine,1
yetersizlik,1
ruluşlar,1
askı,1
değerlendirmesin,1
hastalıklarında,1
durumlarında,1
kuruluşlarında,1
yararlanabilir,1
tahsiliyl,1
hastalık,1
sonrasında,1
sunulamaz,1
ücreti,1
hastaların,1
müdahalenin,1
kayıtsız,1
şartsız,1
hastaya,1
istenildiğind,1
32372,1
kullanılıp,1
seçeneği,1
sitesi,1
ismi,1
unvanlar,1
belgesindeki,1
sahiplik,1
uyumlu,1
yayınlamak,1
beşi,1
sertifikalı,1
timler,1
2014,1
28903,1
sertifi,1
kalı,1
vermek,1
yetkilendirilmiş,1
mer,1
kezler,1
kında,1
32263,1
kuruluşlarda,1
şarıda,1
hastadan,1
sarf,1
malzemesinin,1
tür,1
miktarlarını,1
vakalara,1
asılları,1
verilmemek,1
tahlil,1
dökümü,1
sonuçları,1
rad,1
yolojik,1
görüntüleri,1
dışarıdan,1
reçeteleri,1
yakınlarına,1
retlerin,1
erişebilirsiniz,1
